English,Translation now,Where it is used,Note,Corrected,Comment
(completed),(पूरा),stepper,,,
(current step),(वर्तमान चरण),stepper,,,
(met),(पूरा),password,,,
(needed),(आवश्यक),"select-field, wizard",,,
(not met yet),(अभी नहीं),password,,,
(not started),(शुरू नहीं हुआ),stepper,,,
(optional),(वैकल्पिक),"address-fields, error-summary, form",,,
(out of stock),(स्टॉक में नहीं),product-card,,,
(required),(आवश्यक),form,,,
(taken),(भरा हुआ),slot-picker,,,
12 years,12 वर्ष,date-picker,,,
3 digits on the back,पीछे की ओर 3 अंक,card-fields,,,
4 digits on the front,सामने की ओर 4 अंक,card-fields,,,
A capital letter,एक बड़ा अक्षर,password,,,
"A drawing needs a pointer, so you can type your name instead.","चित्र बनाने के लिए पॉइंटर चाहिए, इसलिए आप अपना नाम लिख भी सकते हैं।",signature-pad,,,
a month,प्रति माह,pricing-table,,,
A number,एक अंक,password,,,
"A symbol, such as ! or ?","एक चिह्न, जैसे ! या ?",password,,,
a third of the screen,स्क्रीन का एक तिहाई,bottom-sheet,,,
a year,प्रति वर्ष,pricing-table,,,
about {title},{title} के बारे में,feature-grid,Keep {title} exactly as written: it is filled in on the page.,,
Accept all,सभी स्वीकार करें,cookie-consent,,,
Address,पता,contact-details,,,
Addressed for {country}. The postcode field is called {postcode}.,{country} के लिए पता। पिन कोड वाले खाने का नाम {postcode} है।,address-fields,Keep {country} {postcode} exactly as written: it is filled in on the page.,,
All removed. {count} selected.,सब हटा दिए गए। {count} चुने गए।,multi-select,Keep {count} exactly as written: it is filled in on the page.,,
Already at its shortest.,पहले से सबसे छोटी।,bottom-sheet,,,
and a,और,product-card,,,
Announcement,घोषणा,announcement-bar,,,
Any other colour,कोई और रंग,color-picker,,,
Applied filters,लागू फ़िल्टर,filter-bar,,,
ascending,आरोही,data-grid,,,
At least {count} characters,कम से कम {count} अक्षर,password,Keep {count} exactly as written: it is filled in on the page.,,
Back,पीछे,tour,,,
back to calendar,कैलेंडर पर वापस,date-picker,,,
Billing,बिलिंग,pricing-table,,,
Booked for {slot},{slot} के लिए बुक किया गया,slot-picker,Keep {slot} exactly as written: it is filled in on the page.,,
Breadcrumb,ब्रेडक्रम्ब,page-header,,,
By,लेखक:,author-byline,,,
Cancel,रद्द करें,"cookie-consent, inline-edit",,,
Cancelled. {item} is back at {position}.,रद्द किया गया। {item} फिर से {position} पर है।,sortable-list,Keep {item} {position} exactly as written: it is filled in on the page.,,
Caps Lock is on.,Caps Lock चालू है।,password,,,
Card details look right. This demo sends nothing.,कार्ड का विवरण सही लगता है। यह डेमो कुछ नहीं भेजता।,card-fields,,,
Card number,कार्ड नंबर,card-fields,,,
carousel,कैरोसेल,carousel,,,
Carry on,आगे बढ़ें,select-field,,,
change month and year,महीना और वर्ष बदलें,date-picker,,,
change year,वर्ष बदलें,date-picker,,,
Character {index} of {length},{length} में से अक्षर {index},otp,Keep {index} {length} exactly as written: it is filled in on the page.,,
Choose a date on or after {date}.,{date} या उसके बाद की तारीख चुनें।,date-picker,Keep {date} exactly as written: it is filled in on the page.,,
Choose a date on or before {date}.,{date} या उससे पहले की तारीख चुनें।,date-picker,Keep {date} exactly as written: it is filled in on the page.,,
Choose a time between {earliest} and {latest}.,{earliest} और {latest} के बीच का समय चुनें।,time-picker,Keep {earliest} {latest} exactly as written: it is filled in on the page.,,
Choose cookies,कुकी चुनें,cookie-consent,,,
Choose date,तारीख चुनें,date-picker,,,
Choose dates,तारीखें चुनें,date-picker,,,
Choose month,महीना चुनें,date-picker,,,
Choose one,एक चुनें,form,,,
Choose one from the list.,सूची में से एक चुनें।,searchable-select,,,
Choose which cookies you allow. You can change this at any time.,चुनें कि आप कौन-सी कुकी की अनुमति देते हैं। आप इसे कभी भी बदल सकते हैं।,cookie-consent,,,
Choose year,वर्ष चुनें,date-picker,,,
Chosen:,चुना गया:,color-picker,,,
Clear all,सब हटाएँ,"filter-bar, multi-select",,,
Clear date,तारीख हटाएँ,date-picker,,,
Clear dates,तारीखें हटाएँ,date-picker,,,
Clear {name},{name} हटाएँ,searchable-select,Keep {name} exactly as written: it is filled in on the page.,,
Close,बंद करें,"drawer, lightbox, modal, popover",,,
Close all,सभी बंद करें,faq,,,
Close the shortcut list,शॉर्टकट सूची बंद करें,shortcut-help,,,
Close this message,यह संदेश बंद करें,toast,,,
Colour {colour} chosen.,रंग {colour} चुना गया।,color-picker,Keep {colour} exactly as written: it is filled in on the page.,,
Comment posted. {count} comments in this thread.,टिप्पणी पोस्ट हो गई। इस चर्चा में {count} टिप्पणियाँ हैं।,comment-thread,Keep {count} exactly as written: it is filled in on the page.,,
Cookie preferences,कुकी प्राथमिकताएँ,cookie-consent,,,
Cookie settings,कुकी सेटिंग,cookie-consent,,,
Country code,देश कोड,phone-input,,,
Ctrl,Ctrl,"command-menu, search",,,
Current section:,वर्तमान अनुभाग:,reading-progress,,,
Current step:,वर्तमान चरण:,wizard,,,
Dark theme,गहरा थीम,header,,,
Day {day} doesn't exist — that month has {max} days.,दिन {day} मौजूद नहीं है — उस महीने में {max} दिन हैं।,date-picker,Keep {day} {max} exactly as written: it is filled in on the page.,,
days,दिन,countdown,,,
Decrease quantity of {name},{name} की मात्रा घटाएँ,cart,Keep {name} exactly as written: it is filled in on the page.,,
Delivery,डिलीवरी,cart,,,
Delivery is free on this order.,इस ऑर्डर पर डिलीवरी मुफ़्त है।,cart,,,
descending,अवरोही,data-grid,,,
Dismiss: {title},हटाएँ: {title},alert-banner,Keep {title} exactly as written: it is filled in on the page.,,
Edit,बदलें,inline-edit,,,
Edit cancelled. Nothing changed.,बदलाव रद्द किया गया। कुछ नहीं बदला।,inline-edit,,,
Email,ईमेल,contact-details,,,
End date: {error},समाप्ति की तारीख: {error},date-picker,Keep {error} exactly as written: it is filled in on the page.,,
Enter a password,पासवर्ड लिखें,password,,,
"Enter a phone number using only digits, spaces, + and brackets","केवल अंक, रिक्त स्थान, + और कोष्ठक से फ़ोन नंबर लिखें",error-summary,,,
"Enter a phone number using only digits, spaces, brackets, + or -, like +44 20 7946 0000.","केवल अंक, स्पेस, कोष्ठक, + या - के साथ फ़ोन नंबर दर्ज करें, जैसे +44 20 7946 0000।",form,,,
Enter a time like {example}.,{example} जैसा समय लिखें।,time-picker,Keep {example} exactly as written: it is filled in on the page.,,
Enter a valid card number. Check for a typo.,सही कार्ड नंबर दर्ज करें। टाइपिंग की गलती जाँचें।,card-fields,,,
"Enter a web address in the correct format, like https://example.com.","सही प्रारूप में वेब पता दर्ज करें, जैसे https://example.com।",form,,,
"Enter an amount, for example 12.50.","राशि दर्ज करें, जैसे 12.50।",currency-input,,,
"Enter an email address in the correct format, like name@example.com.","सही प्रारूप में ईमेल पता दर्ज करें, जैसे name@example.com।",form,,,
Enter an email address in the form name@example.com,name@example.com के रूप में ईमेल पता लिखें,error-summary,,,
Enter an email address like name@example.com.,name@example.com जैसा ईमेल पता दर्ज करें।,newsletter,,,
Enter the card number.,कार्ड नंबर दर्ज करें।,card-fields,,,
Enter the date as {format}.,तारीख {format} के रूप में लिखें।,date-picker,Keep {format} exactly as written: it is filled in on the page.,,
Enter the dates as {format} – {format}.,तारीखें {format} – {format} के रूप में लिखें।,date-picker,Keep {format} exactly as written: it is filled in on the page.,,
"Enter the expiry date as MM/YY, for example 04/29.","समाप्ति तिथि MM/YY के रूप में दर्ज करें, जैसे 04/29।",card-fields,,,
Enter the expiry date.,समाप्ति तिथि दर्ज करें।,card-fields,,,
Enter the name on the card.,कार्ड पर लिखा नाम दर्ज करें।,card-fields,,,
Enter the postcode.,पिन कोड दर्ज करें।,card-fields,,,
Enter the {count}-digit security code.,{count} अंकों का सुरक्षा कोड दर्ज करें।,card-fields,Keep {count} exactly as written: it is filled in on the page.,,
Enter your {label},अपना {label} लिखें,error-summary,Keep {label} exactly as written: it is filled in on the page.,,
Enter {name} in the format described: {help},{name} बताए गए प्रारूप में दर्ज करें: {help},form,Keep {name} {help} exactly as written: it is filled in on the page.,,
Enter {name} in the requested format.,{name} माँगे गए प्रारूप में दर्ज करें।,form,Keep {name} exactly as written: it is filled in on the page.,,
"Enter {name}, for example 27 03 2026.","दर्ज करें: {name}, जैसे 27 03 2026।",form,Keep {name} exactly as written: it is filled in on the page.,,
Enter {name}.,दर्ज करें: {name}।,form,Keep {name} exactly as written: it is filled in on the page.,,
Error,त्रुटि,alert-banner,,,
Error:,त्रुटि:,"card-fields, form",,,
Expiry date,समाप्ति तिथि,card-fields,,,
Fair,ठीक-ठाक,password,,,
Feature,सुविधा,comparison-table,,,
Fewer {label},{label} घटाएँ,quantity,Keep {label} exactly as written: it is filled in on the page.,,
Finish,पूरा करें,tour,,,
First,पहला,pagination,,,
"Format: 12-hour, for example 2:30 pm.","प्रारूप: 12 घंटे, जैसे 2:30 pm।",time-picker,,,
"Format: 24-hour, for example 14:30.","प्रारूप: 24 घंटे, जैसे 14:30।",time-picker,,,
Free,मुफ़्त,cart,,,
Good,अच्छा,password,,,
h:mm am,h:mm am,time-picker,,,
half the screen,आधी स्क्रीन,bottom-sheet,,,
hh:mm,hh:mm,time-picker,,,
Hide,छिपाएँ,password,,,
Hide the thread,चर्चा छिपाएँ,comment-thread,,,
hours,घंटे,countdown,,,
in {symbol},{symbol} में,currency-input,Keep {symbol} exactly as written: it is filled in on the page.,,
Increase quantity of {name},{name} की मात्रा बढ़ाएँ,cart,Keep {name} exactly as written: it is filled in on the page.,,
Information,जानकारी,alert-banner,,,
It did not go through. Check your connection and try again.,भेजा नहीं जा सका। अपना कनेक्शन जाँचें और फिर से कोशिश करें।,"form, newsletter",,,
"January,February,March,April,May,June,July,August,September,October,November,December","जनवरी,फ़रवरी,मार्च,अप्रैल,मई,जून,जुलाई,अगस्त,सितंबर,अक्टूबर,नवंबर,दिसंबर","article-card, author-byline, changelog, date-range, maintenance-notice, order-tracker, post-list",,,
Just now,अभी-अभी,comment-thread,,,
Last,अंतिम,pagination,,,
Left with nothing unsaved,बिना किसी बिना सहेजे बदलाव के निकले,unsaved-changes,,,
"Left, changes discarded","छोड़ दिया, बदलाव हटा दिए गए",unsaved-changes,,,
Like {example}. We add the spacing.,जैसे {example}। रिक्त स्थान हम जोड़ देंगे।,masked-input,Keep {example} exactly as written: it is filled in on the page.,,
Load more,और लोड करें,feed,,,
Loading…,लोड हो रहा है…,feed,,,
Main,मुख्य,header,,,
Measure,माप,stat-comparison,,,
minutes,मिनट,countdown,,,
MM/YY,MM/YY,card-fields,,,
month,महीना,date-picker,,,
More {label},{label} बढ़ाएँ,quantity,Keep {label} exactly as written: it is filled in on the page.,,
Most picked,सबसे ज़्यादा चुना गया,"comparison-table, pricing-table",,,
Move {card} to {column},{card} को {column} में ले जाएँ,kanban,Keep {card} {column} exactly as written: it is filled in on the page.,,
Move {item} down,{item} नीचे ले जाएँ,sortable-list,Keep {item} exactly as written: it is filled in on the page.,,
Move {item} up,{item} ऊपर ले जाएँ,sortable-list,Keep {item} exactly as written: it is filled in on the page.,,
Name,नाम,data-grid,,,
Name on card,कार्ड पर नाम,card-fields,,,
nearly the whole screen,लगभग पूरी स्क्रीन,bottom-sheet,,,
Necessary,ज़रूरी,cookie-consent,,,
"Needed for the site to work, such as remembering this choice. Always on.","साइट के काम करने के लिए ज़रूरी, जैसे यह चुनाव याद रखना। हमेशा चालू।",cookie-consent,,,
Next,आगे,tour,,,
Next picture,अगला चित्र,lightbox,,,
Next slide,अगली स्लाइड,carousel,,,
Next {step},अगला {step},date-picker,Keep {step} exactly as written: it is filled in on the page.,,
No files attached.,कोई फ़ाइल नहीं जोड़ी गई।,upload,,,
No filters applied,कोई फ़िल्टर लागू नहीं,filter-bar,,,
No listed time matches; you can still type one.,सूची का कोई समय मेल नहीं खाता; आप फिर भी समय लिख सकते हैं।,time-picker,,,
No matches for “{query}”.,“{query}” के लिए कोई मेल नहीं।,multi-select,Keep {query} exactly as written: it is filled in on the page.,,
No rows selected,कोई पंक्ति चुनी नहीं गई,table,,,
no time at all,बिल्कुल समय नहीं,time-range,,,
No time picked yet,अभी कोई समय नहीं चुना गया,slot-picker,,,
Not available,उपलब्ध नहीं,radio-cards,,,
Not given,नहीं दिया गया,wizard,,,
Not rated yet,अभी रेटिंग नहीं दी गई,rating,,,
Not set,सेट नहीं,inline-edit,,,
Not sorted,क्रमबद्ध नहीं,data-grid,,,
Nothing picked,कुछ नहीं चुना गया,toggle-group,,,
Nothing picked yet,अभी कुछ नहीं चुना गया,radio-cards,,,
Nothing selected yet.,अभी कुछ नहीं चुना गया।,tree-view,,,
Nothing signed yet,अभी हस्ताक्षर नहीं हुआ,signature-pad,,,
Nothing to save,सहेजने को कुछ नहीं,unsaved-changes,,,
Notice dismissed.,सूचना हटा दी गई।,maintenance-notice,,,
Notice dismissed. It will not come back on this browser.,सूचना हटा दी गई। यह इस ब्राउज़र में फिर नहीं दिखेगी।,maintenance-notice,,,
Notifications,सूचनाएँ,toast,,,
Now choose the end date.,अब समाप्ति की तारीख चुनें।,date-picker,,,
Off,बंद,switch,,,
On,चालू,switch,,,
Open all,सभी खोलें,faq,,,
Opening hours,खुलने का समय,contact-details,,,
out of {max},/ {max},rating,Keep {max} exactly as written: it is filled in on the page.,,
Owner,ज़िम्मेदार,data-grid,,,
Page {current} of {total},पृष्ठ {current} / {total},pagination,Keep {current} {total} exactly as written: it is filled in on the page.,,
Page {page},पृष्ठ {page},pagination,Keep {page} exactly as written: it is filled in on the page.,,
password,पासवर्ड,password,,,
Password strength: {level},पासवर्ड की मज़बूती: {level},password,Keep {level} exactly as written: it is filled in on the page.,,
Phone,फ़ोन,contact-details,,,
Pick a {missing} first,पहले {missing} चुनें,product-card,Keep {missing} exactly as written: it is filled in on the page.,,
"Picked up {item}, {position}. Use the up and down arrows to move it, Space to drop, Escape to cancel.","{item} उठाया गया, {position}। खिसकाने के लिए ऊपर और नीचे के तीर, रखने के लिए स्पेस, रद्द करने के लिए Escape।",sortable-list,Keep {item} {position} exactly as written: it is filled in on the page.,,
Picture to come,चित्र जल्द आएगा,picture-section,,,
position {index} of {total},{total} में से स्थान {index},sortable-list,Keep {index} {total} exactly as written: it is filled in on the page.,,
Postcode,पिन कोड,card-fields,,,
"Press Space to pick up, the up and down arrows to move, Space again to drop, and Escape to cancel.","उठाने के लिए स्पेस, खिसकाने के लिए ऊपर और नीचे के तीर, रखने के लिए फिर से स्पेस, और रद्द करने के लिए Escape दबाएँ।",sortable-list,,,
Previous picture,पिछला चित्र,lightbox,,,
Previous slide,पिछली स्लाइड,carousel,,,
Previous {step},पिछला {step},date-picker,Keep {step} exactly as written: it is filled in on the page.,,
Progress towards free delivery,मुफ़्त डिलीवरी की ओर प्रगति,cart,,,
Published,प्रकाशित,author-byline,,,
Quantity of {name},{name} की मात्रा,cart,Keep {name} exactly as written: it is filled in on the page.,,
Quantity {count},मात्रा: {count},cart,Keep {count} exactly as written: it is filled in on the page.,,
Ran: {command},चलाया गया: {command},command-menu,Keep {command} exactly as written: it is filled in on the page.,,
Reject all,सभी अस्वीकार करें,cookie-consent,,,
Remove,हटाएँ,cart,,,
Remove filter {name},फ़िल्टर {name} हटाएँ,filter-bar,Keep {name} exactly as written: it is filled in on the page.,,
Remove {item},{item} हटाएँ,multi-select,Keep {item} exactly as written: it is filled in on the page.,,
Remove {name},{name} हटाएँ,upload,Keep {name} exactly as written: it is filled in on the page.,,
Remove {name} from the basket,{name} को टोकरी से हटाएँ,cart,Keep {name} exactly as written: it is filled in on the page.,,
Remove {tag},{tag} हटाएँ,tag-input,Keep {tag} exactly as written: it is filled in on the page.,,
Reorder {item},{item} का क्रम बदलें,sortable-list,Keep {item} exactly as written: it is filled in on the page.,,
Results,परिणाम,search,,,
Save,सहेजें,inline-edit,,,
Save choices,चुनाव सहेजें,"checkbox-group, cookie-consent",,,
Saved,सहेजा गया,unsaved-changes,,,
Saved. {label} is now {value}.,सहेजा गया। {label} अब {value} है।,inline-edit,Keep {label} {value} exactly as written: it is filled in on the page.,,
seconds,सेकंड,countdown,,,
Sections,अनुभाग,sticky-header,,,
Security code,सुरक्षा कोड,card-fields,,,
Select all rows,सभी पंक्तियाँ चुनें,table,,,
Select {name} from the list.,सूची से {name} चुनें।,form,Keep {name} exactly as written: it is filled in on the page.,,
Select {name}.,चुनें: {name}।,form,Keep {name} exactly as written: it is filled in on the page.,,
Select {row},{row} चुनें,table,Keep {row} exactly as written: it is filled in on the page.,,
Select “{label}” to continue.,आगे बढ़ने के लिए “{label}” चुनें।,form,Keep {label} exactly as written: it is filled in on the page.,,
Selected. Press Ctrl+C (Cmd+C on a Mac) to copy.,चुना गया। कॉपी करने के लिए Ctrl+C (Mac पर Cmd+C) दबाएँ।,code-block,,,
Selected: {item},चुना गया: {item},tree-view,Keep {item} exactly as written: it is filled in on the page.,,
Sending…,भेजा जा रहा है…,"form, newsletter",,,
Sent. Everything you filled in is listed above.,"भेज दिया गया। आपने जो कुछ भरा, वह ऊपर दिया है।",wizard,,,
Sheet height: {height}.,शीट की ऊँचाई: {height}।,bottom-sheet,Keep {height} exactly as written: it is filled in on the page.,,
Show,दिखाएँ,password,,,
Show the thread,चर्चा दिखाएँ,comment-thread,,,
Show {name} options,{name} के विकल्प दिखाएँ,"searchable-select, time-picker",Keep {name} exactly as written: it is filled in on the page.,,
Showing all {count} entries,सभी {count} प्रविष्टियाँ दिखाई जा रही हैं,timeline,Keep {count} exactly as written: it is filled in on the page.,,
Showing everything.,सब कुछ दिखाया जा रहा है।,drawer,,,
Showing {item} {range},{item} {range} दिखाए जा रहे हैं,cursor-pagination,Keep {item} {range} exactly as written: it is filled in on the page.,,
Showing {item} {range} of {total},{total} में से {item} {range} दिखाए जा रहे हैं,cursor-pagination,Keep {item} {range} {total} exactly as written: it is filled in on the page.,,
Showing {period} prices,{period} कीमतें दिखाई जा रही हैं,pricing-table,Keep {period} exactly as written: it is filled in on the page.,,
Showing {shown} of {total},{total} में से {shown} दिखाए जा रहे हैं,feed,Keep {shown} {total} exactly as written: it is filled in on the page.,,
Showing: {list}.,दिखाया जा रहा है: {list}।,drawer,Keep {list} exactly as written: it is filled in on the page.,,
Signature cleared,हस्ताक्षर मिटा दिया गया,signature-pad,,,
Signed as {name},{name} के रूप में हस्ताक्षर किया गया,signature-pad,Keep {name} exactly as written: it is filled in on the page.,,
Signed by drawing,चित्र बनाकर हस्ताक्षर किया गया,signature-pad,,,
Signed out,साइन आउट हो गए,session-timeout,,,
Skip links,स्किप लिंक,skip-links,,,
Skip to content,सामग्री पर जाएँ,header,,,
Skip tour,टूर छोड़ें,tour,,,
slide,स्लाइड,carousel,,,
Slide {index} of {total},{total} में से स्लाइड {index},carousel,Keep {index} {total} exactly as written: it is filled in on the page.,,
Slide {index}: {title},स्लाइड {index}: {title},carousel,Keep {index} {title} exactly as written: it is filled in on the page.,,
"Sorted by {column}, {direction}","{column} के अनुसार क्रमबद्ध, {direction}",data-grid,Keep {column} {direction} exactly as written: it is filled in on the page.,,
Spend {amount} more for free delivery.,मुफ़्त डिलीवरी के लिए {amount} और खर्च करें।,cart,Keep {amount} exactly as written: it is filled in on the page.,,
Start automatic slide changes,स्लाइड का अपने-आप बदलना शुरू करें,carousel,,,
Start date: {error},शुरू की तारीख: {error},date-picker,Keep {error} exactly as written: it is filled in on the page.,,
Status,स्थिति,data-grid,,,
Step {current} of {total},चरण {current} / {total},"tour, wizard",Keep {current} {total} exactly as written: it is filled in on the page.,,
Step {current} of {total}: {step},चरण {current} / {total}: {step},stepper,Keep {current} {total} {step} exactly as written: it is filled in on the page.,,
Still nothing. The connection is not back yet.,अभी भी कुछ नहीं। कनेक्शन अभी वापस नहीं आया।,offline-banner,,,
Still signed in,अब भी साइन इन हैं,session-timeout,,,
Stop automatic slide changes,स्लाइड का अपने-आप बदलना रोकें,carousel,,,
Strong,मज़बूत,password,,,
Subtotal,उप-योग,cart,,,
Success,सफल,alert-banner,,,
That matches. The button below is now live.,मेल खाता है। नीचे वाला बटन अब चालू है।,confirm-dialog,,,
That number looks too short. Check it and try again.,यह नंबर बहुत छोटा लगता है। जाँचें और फिर से कोशिश करें।,phone-input,,,
That's everything: {total} of {total}.,बस इतना ही: {total} में से {total}।,feed,Keep {total} exactly as written: it is filled in on the page.,,
The end date is before the start date.,समाप्ति की तारीख शुरू की तारीख से पहले है।,date-picker,,,
then,फिर,shortcut-help,,,
There is a problem,एक समस्या है,form,,,
There is a signature,हस्ताक्षर मौजूद है,signature-pad,,,
This card has expired.,यह कार्ड समाप्त हो चुका है।,card-fields,,,
Tick the box to say we may email you.,हमें ईमेल भेजने की अनुमति देने के लिए बॉक्स पर टिक करें।,newsletter,,,
Today,आज,date-picker,,,
Total,कुल,cart,,,
Type {phrase} to confirm,पुष्टि के लिए {phrase} लिखें,confirm-dialog,Keep {phrase} exactly as written: it is filled in on the page.,,
Unit for {label},{label} की इकाई,unit-input,Keep {label} exactly as written: it is filled in on the page.,,
Unsaved changes,बिना सहेजे बदलाव,unsaved-changes,,,
Updated,अपडेट किया गया,"author-byline, data-grid",,,
waiting,प्रतीक्षा में,sidebar,,,
Warning,चेतावनी,alert-banner,,,
Weak,कमज़ोर,password,,,
Working out the time left…,बचा समय निकाला जा रहा है…,countdown,,,
Wrap lines,पंक्तियाँ लपेटें,code-block,,,
year,वर्ष,date-picker,,,
You can add {max} at most. Remove one first.,आप अधिकतम {max} जोड़ सकते हैं। पहले एक हटाएँ।,tag-input,Keep {max} exactly as written: it is filled in on the page.,,
You can attach {count} file at most.,आप अधिकतम {count} फ़ाइल जोड़ सकते हैं।,upload,Keep {count} exactly as written: it is filled in on the page.,,
You can attach {count} files at most.,आप अधिकतम {count} फ़ाइलें जोड़ सकते हैं।,upload,Keep {count} exactly as written: it is filled in on the page.,,
You can choose {max} at most. Remove one first.,आप अधिकतम {max} चुन सकते हैं। पहले एक हटाएँ।,multi-select,Keep {max} exactly as written: it is filled in on the page.,,
Your basket is empty.,आपकी टोकरी खाली है।,cart,,,
{amount}. Between {min} and {max} is allowed.,{amount}। {min} से {max} तक की अनुमति है।,quantity,Keep {amount} {min} {max} exactly as written: it is filled in on the page.,,
{amount}. That is the fewest you can have.,{amount}। इससे कम नहीं हो सकता।,quantity,Keep {amount} exactly as written: it is filled in on the page.,,
{amount}. That is the most you can have.,{amount}। इससे अधिक नहीं हो सकता।,quantity,Keep {amount} exactly as written: it is filled in on the page.,,
{button} stays off until the words match exactly.,शब्द ठीक मेल खाने तक {button} बंद रहेगा।,confirm-dialog,Keep {button} exactly as written: it is filled in on the page.,,
"{card} moved to {column}, {index} of {total}","{card} को {column} में ले जाया गया, {total} में से {index}",kanban,Keep {card} {column} {index} {total} exactly as written: it is filled in on the page.,,
{choice} picked,{choice} चुना गया,radio-cards,Keep {choice} exactly as written: it is filled in on the page.,,
{column} column width,{column} कॉलम की चौड़ाई,data-grid,Keep {column} exactly as written: it is filled in on the page.,,
{count} character left,{count} अक्षर बाकी,textarea-counter,Keep {count} exactly as written: it is filled in on the page.,,
{count} character over the limit,सीमा से {count} अक्षर अधिक,textarea-counter,Keep {count} exactly as written: it is filled in on the page.,,
{count} characters left,{count} अक्षर बाकी,textarea-counter,Keep {count} exactly as written: it is filled in on the page.,,
{count} characters over the limit,सीमा से {count} अक्षर अधिक,textarea-counter,Keep {count} exactly as written: it is filled in on the page.,,
{count} characters remaining,{count} अक्षर बाकी,form,Keep {count} exactly as written: it is filled in on the page.,,
{count} day,{count} दिन,"countdown, date-range",Keep {count} exactly as written: it is filled in on the page.,,
{count} days,{count} दिन,"countdown, date-range",Keep {count} exactly as written: it is filled in on the page.,,
{count} filter applied: {filters},{count} फ़िल्टर लागू: {filters},filter-bar,Keep {count} {filters} exactly as written: it is filled in on the page.,,
{count} filters applied: {filters},{count} फ़िल्टर लागू: {filters},filter-bar,Keep {count} {filters} exactly as written: it is filled in on the page.,,
{count} hour,{count} घंटा,"countdown, time-range",Keep {count} exactly as written: it is filled in on the page.,,
{count} hours,{count} घंटे,"countdown, time-range",Keep {count} exactly as written: it is filled in on the page.,,
{count} item,{count} आइटम,cart,Keep {count} exactly as written: it is filled in on the page.,,
{count} items,{count} आइटम,cart,Keep {count} exactly as written: it is filled in on the page.,,
{count} left.,{count} बचे हैं।,upload,Keep {count} exactly as written: it is filled in on the page.,,
{count} line left.,{count} पंक्ति बची है।,cart,Keep {count} exactly as written: it is filled in on the page.,,
{count} lines left.,{count} पंक्तियाँ बची हैं।,cart,Keep {count} exactly as written: it is filled in on the page.,,
{count} minute,{count} मिनट,"countdown, time-range",Keep {count} exactly as written: it is filled in on the page.,,
{count} minutes,{count} मिनट,"countdown, time-range",Keep {count} exactly as written: it is filled in on the page.,,
{count} more loaded. Showing {shown} of {total}.,{count} और लोड हुए। {total} में से {shown} दिखाए जा रहे हैं।,feed,Keep {count} {shown} {total} exactly as written: it is filled in on the page.,,
{count} more: {names},{count} और: {names},avatar-group,Keep {count} {names} exactly as written: it is filled in on the page.,,
{count} night,{count} रात,date-range,Keep {count} exactly as written: it is filled in on the page.,,
{count} nights,{count} रातें,date-range,Keep {count} exactly as written: it is filled in on the page.,,
{count} of {max} added,{max} में से {count} जोड़े गए,tag-input,Keep {count} {max} exactly as written: it is filled in on the page.,,
{count} of {total} picked,{total} में से {count} चुने गए,checkbox-group,Keep {count} {total} exactly as written: it is filled in on the page.,,
{count} of {total} rows selected,{total} में से {count} पंक्तियाँ चुनी गईं,table,Keep {count} {total} exactly as written: it is filled in on the page.,,
{count} picked: {choices},{count} चुने गए: {choices},toggle-group,Keep {count} {choices} exactly as written: it is filled in on the page.,,
{count} problem to fix,ठीक करने के लिए {count} समस्या,error-summary,Keep {count} exactly as written: it is filled in on the page.,,
{count} problems to fix,ठीक करने के लिए {count} समस्याएँ,error-summary,Keep {count} exactly as written: it is filled in on the page.,,
{count} result available.,{count} परिणाम उपलब्ध है।,searchable-select,Keep {count} exactly as written: it is filled in on the page.,,
{count} result.,{count} परिणाम।,search,Keep {count} exactly as written: it is filled in on the page.,,
{count} results available.,{count} परिणाम उपलब्ध हैं।,searchable-select,Keep {count} exactly as written: it is filled in on the page.,,
{count} results.,{count} परिणाम।,search,Keep {count} exactly as written: it is filled in on the page.,,
{count} second,{count} सेकंड,countdown,Keep {count} exactly as written: it is filled in on the page.,,
{count} seconds,{count} सेकंड,countdown,Keep {count} exactly as written: it is filled in on the page.,,
{count} star,{count} सितारा,rating,Keep {count} exactly as written: it is filled in on the page.,,
{count} stars,{count} सितारे,rating,Keep {count} exactly as written: it is filled in on the page.,,
{count} time listed.,सूची में {count} समय है।,time-picker,Keep {count} exactly as written: it is filled in on the page.,,
{count} times listed.,सूची में {count} समय हैं।,time-picker,Keep {count} exactly as written: it is filled in on the page.,,
{count} unread,{count} बिना पढ़े,notification-list,Keep {count} exactly as written: it is filled in on the page.,,
{day} at {time},{day} को {time} बजे,slot-picker,Keep {day} {time} exactly as written: it is filled in on the page.,,
{day} {month} at {time},{day} {month} को {time} बजे,maintenance-notice,Keep {day} {month} {time} exactly as written: it is filled in on the page.,,
{day} {month} {year},{day} {month} {year},"article-card, author-byline, changelog, date-range, order-tracker, post-list",Keep {day} {month} {year} exactly as written: it is filled in on the page.,,
{entered} of {length} digits entered,{length} में से {entered} अंक दर्ज,pin-pad,Keep {entered} {length} exactly as written: it is filled in on the page.,,
{first} and {second} left,{first} और {second} बाकी,countdown,Keep {first} {second} exactly as written: it is filled in on the page.,,
{first} left,{first} बाकी,countdown,Keep {first} exactly as written: it is filled in on the page.,,
{free} of {total} times are free.,{total} में से {free} समय खाली हैं।,slot-picker,Keep {free} {total} exactly as written: it is filled in on the page.,,
{heading}: sent,{heading}: भेज दिया गया,wizard,Keep {heading} exactly as written: it is filled in on the page.,,
{index} of {total},{total} में से {index},"carousel, lightbox",Keep {index} {total} exactly as written: it is filled in on the page.,,
{item} dropped at {position}.,{item} को {position} पर रखा गया।,sortable-list,Keep {item} {position} exactly as written: it is filled in on the page.,,
{item} is already first.,{item} पहले से सबसे ऊपर है।,sortable-list,Keep {item} exactly as written: it is filled in on the page.,,
{item} is already last.,{item} पहले से सबसे नीचे है।,sortable-list,Keep {item} exactly as written: it is filled in on the page.,,
{item} moved to {position}.,{item} को {position} पर ले जाया गया।,sortable-list,Keep {item} {position} exactly as written: it is filled in on the page.,,
{item} removed. {count} selected.,{item} हटाया गया। {count} चुने गए।,multi-select,Keep {item} {count} exactly as written: it is filled in on the page.,,
{item} selected. {count} selected.,{item} चुना गया। {count} चुने गए।,multi-select,Keep {item} {count} exactly as written: it is filled in on the page.,,
{label} added,जोड़े गए {label},tag-input,Keep {label} exactly as written: it is filled in on the page.,,
{label} done,{label}: हो गया,toolbar,Keep {label} exactly as written: it is filled in on the page.,,
{label} is needed before you can go on.,आगे बढ़ने से पहले {label} ज़रूरी है।,wizard,Keep {label} exactly as written: it is filled in on the page.,,
{label} must be a number.,{label} एक संख्या होनी चाहिए।,form,Keep {label} exactly as written: it is filled in on the page.,,
{label} must be at least {min} characters. You have entered {count}.,{label} कम से कम {min} अक्षरों का होना चाहिए। आपने {count} लिखे हैं।,form,Keep {label} {min} {count} exactly as written: it is filled in on the page.,,
{label} must be {max} characters or fewer. You have entered {count}.,{label} {max} अक्षरों या उससे कम का होना चाहिए। आपने {count} लिखे हैं।,form,Keep {label} {max} {count} exactly as written: it is filled in on the page.,,
{label} must be {max} or earlier.,{label} {max} या उससे पहले का होना चाहिए।,form,Keep {label} {max} exactly as written: it is filled in on the page.,,
{label} must be {max} or less.,{label} {max} या उससे कम होना चाहिए।,form,Keep {label} {max} exactly as written: it is filled in on the page.,,
{label} must be {min} or later.,{label} {min} या उसके बाद का होना चाहिए।,form,Keep {label} {min} exactly as written: it is filled in on the page.,,
{label} must be {min} or more.,{label} {min} या उससे अधिक होना चाहिए।,form,Keep {label} {min} exactly as written: it is filled in on the page.,,
{label} off,{label} बंद,toolbar,Keep {label} exactly as written: it is filled in on the page.,,
{label} on,{label} चालू,toolbar,Keep {label} exactly as written: it is filled in on the page.,,
{label} slides,{label} स्लाइड,carousel,Keep {label} exactly as written: it is filled in on the page.,,
"{label}, currently {value}","{label}, अभी {value}",inline-edit,Keep {label} {value} exactly as written: it is filled in on the page.,,
"{label}, highest","{label}, अधिकतम",slider,Keep {label} exactly as written: it is filled in on the page.,,
"{label}, lowest","{label}, न्यूनतम",slider,Keep {label} exactly as written: it is filled in on the page.,,
"{label}, picture viewer","{label}, चित्र दर्शक",lightbox,Keep {label} exactly as written: it is filled in on the page.,,
"{label}, results","{label}, परिणाम",search,Keep {label} exactly as written: it is filled in on the page.,,
"{label}, selected","{label}, चुने गए",multi-select,Keep {label} exactly as written: it is filled in on the page.,,
"{length}, finishing the next day","{length}, अगले दिन समाप्त",time-range,Keep {length} exactly as written: it is filled in on the page.,,
{low} to {high},{low} से {high},dual-slider,Keep {low} {high} exactly as written: it is filled in on the page.,,
{low} – {high},{low} – {high},slider,Keep {low} {high} exactly as written: it is filled in on the page.,,
{minutes} minute read,{minutes} मिनट में पढ़ें,"article-card, author-byline",Keep {minutes} exactly as written: it is filled in on the page.,,
{month} isn't a valid month. Use 01 to 12.,{month} सही महीना नहीं है। 01 से 12 तक लिखें।,date-picker,Keep {month} exactly as written: it is filled in on the page.,,
{names} attached. {count} file in all.,{names} जोड़ी गई। कुल {count} फ़ाइल।,upload,Keep {names} {count} exactly as written: it is filled in on the page.,,
{names} attached. {count} files in all.,{names} जोड़ी गईं। कुल {count} फ़ाइलें।,upload,Keep {names} {count} exactly as written: it is filled in on the page.,,
{name} added: {choices},{name} जोड़ा गया: {choices},product-card,Keep {name} {choices} exactly as written: it is filled in on the page.,,
"{name} chosen, {colour}.","{name} चुना गया, {colour}।",color-picker,Keep {name} {colour} exactly as written: it is filled in on the page.,,
{name} is not a kind of file we accept. Accepted: {accept}.,{name} स्वीकार की जाने वाली फ़ाइल नहीं है। स्वीकार्य: {accept}।,upload,Keep {name} {accept} exactly as written: it is filled in on the page.,,
{name} is {size}. The largest we can take is {max} MB.,{name} का आकार {size} है। अधिकतम {max} MB ले सकते हैं।,upload,Keep {name} {size} {max} exactly as written: it is filled in on the page.,,
{name} removed.,{name} हटा दिया गया।,"cart, upload",Keep {name} exactly as written: it is filled in on the page.,,
"{name}, quantity {count}. Subtotal {subtotal}.","{name}, मात्रा {count}। उप-योग {subtotal}।",cart,Keep {name} {count} {subtotal} exactly as written: it is filled in on the page.,,
{percent}% read,{percent}% पढ़ा गया,reading-progress,Keep {percent} exactly as written: it is filled in on the page.,,
{price} each,{price} प्रति नग,cart,Keep {price} exactly as written: it is filled in on the page.,,
{saved} at {time},{saved} {time} बजे,autosave-field,Keep {saved} {time} exactly as written: it is filled in on the page.,,
{seconds} seconds left,{seconds} सेकंड बाकी,session-timeout,Keep {seconds} exactly as written: it is filled in on the page.,,
{slot} selected,{slot} चुना गया,slot-picker,Keep {slot} exactly as written: it is filled in on the page.,,
"{span}, {from} to {to}","{span}, {from} से {to} तक",date-range,Keep {span} {from} {to} exactly as written: it is filled in on the page.,,
{start} to {end},{start} से {end},cursor-pagination,Keep {start} {end} exactly as written: it is filled in on the page.,,
{start} until {end},{start} से {end} तक,maintenance-notice,Keep {start} {end} exactly as written: it is filled in on the page.,,
{tag} added. {count} of {max}.,{tag} जोड़ा गया। {max} में से {count}।,tag-input,Keep {tag} {count} {max} exactly as written: it is filled in on the page.,,
{tag} is already in the list.,{tag} पहले से सूची में है।,tag-input,Keep {tag} exactly as written: it is filled in on the page.,,
{tag} removed. {count} of {max}.,{tag} हटाया गया। {max} में से {count}।,tag-input,Keep {tag} {count} {max} exactly as written: it is filled in on the page.,,
{tax} at {percent}%,{tax} {percent}% पर,invoice-summary,Keep {tax} {percent} exactly as written: it is filled in on the page.,,
{title} code,{title} कोड,code-block,Keep {title} exactly as written: it is filled in on the page.,,
{value} out of {max},{max} में से {value},rating,Keep {value} {max} exactly as written: it is filled in on the page.,,
{width} pixels,{width} पिक्सेल,data-grid,Keep {width} exactly as written: it is filled in on the page.,,
· reply,· जवाब,comment-thread,,,
